medicine_id,drug_id,amount,unit
1,1,100,mg
1,2,325,mg
2,3,100,mg
3,4,75,mg
4,5,150,mg
5,6,500,mg
5,7,50,mg
5,2,325,mg
6,8,1.16,%w/w
7,9,10,mg
7,10,50,mg
8,11,100,mg
9,12,25/1,mg/ml
10,13,50,mg
11,14,120,mg
12,14,90,mg
13,15,400,mg
13,2,325,mg
14,16,200,mg
15,16,400,mg
16,17,25,mg
17,18,250,mg
18,19,100,mg
18,2,325,mg
19,19,100,mg
20,10,50,mg
20,2,325,mg
21,20,125/5,mg/ml
22,20,500,mg
23,21,30/1,mg/ml
24,22,10,mg
25,23,100/2,mg/ml
26,24,50,mg
27,25,50,mg
28,26,400,mg
29,27,100/2,mg/ml
30,27,250/2,mg/ml
31,27,500/2,mg/ml
32,28,500,mg
32,29,2,mg
33,30,1,g
33,31,200,mg
34,30,200,mg
34,31,28.5,mg
34,32,5,ml
35,30,250,mg
35,31,50,mg
36,30,500,mg
36,31,100,mg
37,30,500,mg
37,31,125,mg
38,30,250,mg
38,33,250,mg
39,34,125,mg
40,35,125/5,mg/ml
41,35,250,mg
42,35,500,mg
43,36,500,mg
44,18,100/5,mg/ml
45,37,100,mg
46,38,250,mg
47,39,500,mg
48,40,50/5,mg/ml
49,40,100,mg
50,40,200,mg
51,41,1,g
51,42,1,g
52,41,500,mg
52,42,500,mg
53,43,1,g
54,44,1,g
54,45,500,mg
55,44,250,mg
55,45,125,mg
56,44,500,mg
56,45,250,mg
57,46,1,g
58,46,250,mg
59,46,500,mg
60,47,100,mg
61,48,200,mg
62,49,1,g
63,49,250,mg
64,49,500,mg
65,50,1,g
65,42,500,mg
66,50,1,g
66,51,125,mg
67,18,500,mg
68,50,250,mg
68,42,125,mg
69,50,500,mg
69,42,250,mg
70,52,1,g
71,52,250,mg
72,52,500,mg
73,53,250,mg
74,53,500,mg
75,54,125,mg
76,54,250,mg
77,54,500,mg
78,55,250,mg
78,56,300,mg
79,55,500,mg
79,56,600,mg
80,57,250,mg
81,57,500,mg
82,58,1,%w/w
86,59,100,mg
87,60,250,mg
88,61,80/2,mg/ml
89,62,250,mg
90,62,500,mg
91,63,1,g
92,64,400,mg
92,56,600,mg
93,65,400,mg
94,66,200,mg
94,67,500,mg
95,68,200,mg
96,68,400,mg
97,69,4000,mg
97,70,500,mg
98,71,150,mg
99,71,300,mg
100,72,300,mg
101,72,500,mg
102,73,500,mg
103,74,0.1,%w/w
104,75,0.025,%w/w
104,76,1,%w/w
104,77,0.1,%w/w
105,78,0.025,%w/w
105,79,0.5,%w/w
107,80,0.2,%w/v
108,81,0.05,%w/w
109,82,2,%w/w
110,83,2,%w/v
111,84,5,%w/w
112,84,5,%w/w
113,85,10,%w/v
114,85,5,%w/v
115,84,7.5,%w/v
116,86,1,%w/w
116,87,0.2,%w/w
116,88,0.1,%w/w
116,89,15,%w/w
117,86,1,%w/w
117,87,0.2,%w/w
117,88,0.1,%w/w
117,89,15,%w/w
118,90,2.5,mg
119,90,5,mg
120,91,40,mg
121,91,80,mg
122,92,1,mg
123,92,2,mg
124,93,5,mg
125,94,40,iu
126,95,40,iu
127,96,1000,mg
128,97,500,mg
129,98,30,mg
130,99,15,mg
130,100,500,mg
131,101,15,iu
132,102,10/10,mg/ml
133,103,50/50,mg/ml
134,104,50,mg
135,105,100/5,mg/ml
136,106,1000,mg
137,106,200,mg
138,107,10,mg
139,107,20,mg
140,108,200,mg
141,109,20,%w/v
142,110,20,%w/v
143,111,500,mg
144,112,200/5,mg/ml
145,113,400,mg
145,114,6,mg
146,115,5,mg
147,116,275,mg
147,117,2,mg
147,118,5,ml
148,119,10,mg
149,2,325,mg
149,120,20,mg
150,121,10,mg
151,121,5/5,mg/ml
152,122,250,mg
152,123,250,mg
152,124,50,mg
153,125,20,mg
154,125,40,mg
155,126,100,mg
156,127,10,mg
158,128,10/15,g
159,122,250,mg
159,123,250,mg
159,124,50/5,mg/ml
160,129,10,mg
161,129,5/1,mg/ml
162,130,200,mg
163,130,400,mg
164,131,200,mcg
165,132,20,mg
165,133,10,mg
166,134,20,mg
167,135,2/1,mg/ml
168,135,4,mg
169,136,500,mg
170,137,40,mg
171,138,40,mg
172,139,20,mg
172,133,30,mg
173,140,20,mg
174,141,25/1,mg/ml
175,141,150,mg
176,141,300,mg
177,142,500,mg
177,143,250,iu
178,144,10,mg
178,145,10,mg
178,146,2.5,mg
179,147,5,mg
185,148,1/2,mg/ml
186,149,100,mcg
187,149,200,mcg
188,150,5/5,mg/ml
189,151,10,mg
190,152,77,mg
190,153,23,mg
191,154,120,mg
192,155,180,mg
193,156,5,mg
194,157,5,mg
195,157,10,mg
196,158,10,mg
196,159,5,mg
197,160,25,mg
198,161,5/5,mg/ml
199,162,100,mcg
200,163,2,mg
201,163,2/5,mg/ml
202,163,4,mg
203,164,6/2,mg/ml
204,165,5,mg
204,166,50,mg
205,167,5,mg
206,168,50,mg
207,169,10,mg
208,169,20,mg
209,170,100,mcg
210,171,75,mg
211,172,75,mg
211,173,75,mg
212,174,30,mg
213,174,60,mg
214,175,250/20,mg/ml
215,176,200/5,mg/ml
216,177,5,mg
217,178,40/0.4,mg/ml
218,178,60/0.6,mg/ml
219,179,10/1,mg/ml
220,179,40,mg
221,180,5000,iu
222,180,25000,iu
223,181,10,mg
224,165,5,mg
224,182,5,mg
225,183,5,mg
226,184,50,mg
226,185,12.5,mg
227,186,25,mg
228,186,50,mg
229,187,25,mg
230,188,50,mg
231,189,2.5,mg
232,189,5,mg
233,190,10,mg
234,190,20,mg
235,191,40,mg
235,185,12.5,mg
236,192,20,mg
237,192,40,mg
238,193,500,mg
239,193,500,mg
240,194,150,mg
241,195,250,mg
242,196,1.4/5,g
243,197,20.5,g
244,198,0.25,mg
245,198,0.5,mg
246,199,8,mg
247,200,100,mg
248,201,0.5,mg
249,202,5,mg
250,203,10,mg
251,203,20,mg
252,204,10,mg
253,204,5,mg
254,205,20,mg
255,206,0.125,mg
256,207,100,mg
257,208,5,mg
258,209,5,mg
259,209,10,mg
260,210,100,mcg
261,211,0.5,mg
262,211,4/1,mg/ml
263,212,100,mg
264,213,50,mg
265,214,0.6/1,mg/ml
266,215,0.5,%w/v
267,216,0.3,%w/v
268,217,0.3,%w/v
269,218,0.1,%w/v
270,219,5/1,mg/ml
271,220,2,%w/v
273,221,10/1,mg/ml
275,222,200,mg
276,223,40,iu
277,224,100,iu
278,225,5,mg
278,226,500,mg
279,227,0.3,mg
280,228,60,mg
281,229,50,mg
282,227,0.2,mg
283,230,500,mg
284,231,60,mg
285,232,300,mg
286,233,500,mg
286,234,500,mg
287,235,300,mg
288,236,500,mg
289,237,200,mg
289,66,200,mg
290,238,600,mg
291,239,200,mg
291,31,125,mg
292,240,100,mg
293,237,200,mg
293,31,125,mg
294,241,50,mg
295,242,250,mg
296,243,400,mg
297,244,250,mg
298,245,800,mg
299,246,500,mg
299,31,125,mg
300,247,50,mg
301,248,200,mg
302,30,250,mg
302,31,125,mg
303,30,875,mg
303,31,125,mg
304,235,300/2,mg/ml
305,249,600/300,mg/ml
306,250,200/100,mg/ml
307,251,12,mg
308,252,440,mg
309,253,50,mg
310,254,7.5,mg
311,255,500,mg
311,256,250,mg
312,257,5,mg
313,191,40,mg
313,165,5,mg
314,258,20,mg
315,259,50,iu
315,260,2,mg
316,261,10,mg
316,172,75,mg
317,262,5,mg
318,263,10,mg
319,264,5,mg
320,265,3.125,mg
321,266,90,mg
322,267,2,mg
323,268,2.5,mg
324,269,0.25,mg
325,261,10,mg
325,270,160,mg
326,271,200,mg
327,272,5,mg
327,185,12.5,mg
328,273,40,mg
329,274,30,mg
330,275,40,mg
331,276,10,mg
331,270,160,mg
332,191,40,mg
332,277,12.5,mg
333,278,20,mg
334,279,1.5,mg
335,280,40,mg
335,185,12.5,mg
336,281,50,mg
336,282,5,mg
337,283,50,mg
337,165,5,mg
338,284,160,mg
339,181,5,mg
340,285,10,mg
340,185,25,mg
341,286,20,mg
341,165,5,mg
342,165,5,mg
342,185,12.5,mg
343,287,0.3,mg
344,272,5,mg
344,165,5,mg
345,288,25,mg
346,289,100,mg
347,290,000,iu
348,291,5,mg
349,264,5,mg
349,185,6.25,mg
350,292,80,mg
351,293,80,mg
352,169,40,mg
353,294,20,mg
354,295,5/1,mg/ml
355,296,2,%w/w
355,297,0.1,%w/w
355,298,0.025,%w/w
356,299,0.1,%w/w
356,300,0.5,%w/w
357,299,0.12,%w/w
357,301,3,%w/w
358,302,2,%w/w
359,138,40,mg
359,133,30,mg
360,303,300,mg
361,120,10,mg
361,256,250,mg
362,304,2,billion
362,118,5,ml
364,305,40,mg
364,133,30,mg
365,138,40,mg
365,306,75,mg
366,307,10,mg
366,144,10,mg
367,308,500/5,mg/ml
368,309,1.25,ml
368,310,3.75,ml
368,311,3.33,mg
368,118,5,ml
369,312,5,mg
369,313,2.5,mg
370,311,10,mg
371,314,7.15,g
371,116,550/10,mg/ml
372,305,40,mg
372,306,75,mg
373,315,400,mg
374,139,20,mg
374,306,75,mg
375,316,2,mg
376,317,40,mg
377,161,25,mg
378,318,170,mg
378,124,80,mg
379,120,10,mg
379,124,40/5,mg/ml
380,319,15,mg
381,320,1000,mg
382,321,50,mg
383,322,500,mg
384,323,10,mg
385,324,200,mg
385,325,200,mcg
386,326,100,mg
386,146,1.5,mg
387,327,5,mg
388,328,100,mcg
389,329,0.5,mg
390,330,6,mg
391,331,1000,mg
392,332,25/1,mg/ml
393,333,10,mg
394,333,5,mg
395,334,500,mg
396,335,200,mg
397,2,325,mg
397,25,37.5,mg
398,20,650,mg
399,1,100,mg
399,2,325,mg
399,9,15,mg
400,336,20,mg
402,256,100/5,mg/ml
403,337,200,mg
404,338,4,mg
404,1,100,mg
405,339,10,mg
406,340,10,mg
407,341,100,mg
408,342,0.25,mcg
409,343,500,mg
410,7,1.16,%w/w
410,344,3,%w/w
410,345,10,%w/w
410,346,5,%w/w
411,2,325,mg
411,347,10,mg
411,348,2,mg
412,349,1.25,mg
412,350,500,mcg
413,351,6,mcg
413,352,200,mcg
414,353,50,mcg
414,354,250,mcg
415,355,15,mg
415,356,50,mg
415,357,1,mg
416,358,600,mg
417,349,1.25,mg
417,352,1,mg
418,359,100,mg
421,360,0.5/2,mg/ml
422,361,400,mg
423,158,10,mg
423,362,120,mg
424,363,140,mcg
424,364,50,mcg
425,365,50,mcg
426,349,1/5,mg/ml
427,366,10,mg
428,367,0.5/1,mg/ml
429,368,18,mcg
429,369,12,mcg
430,368,18,mcg
430,369,12,mcg
430,370,400,mcg
431,371,250,mcg
432,372,100,mcg
432,350,20,mcg
433,353,25,mcg
433,364,250,mcg
434,373,50,mg
435,374,20,mg
436,375,0.4,mg
436,376,0.5,mg
439,377,500,mg
439,378,0.25,mcg
439,379,7.5,mg
441,380,4,mg
442,381,60000,iu
443,382,1500,mcg
443,383,500,mg
443,146,1.5,mg
444,384,400,mg
445,142,500,mg
445,378,0.25,mcg
446,382,500,mcg
448,146,15,mg
448,385,500,mcg
448,386,200,mg
450,387,100,mg
450,144,100,mg
450,388,1000/3,mcg
451,389,50,mg
452,390,75,mg
452,382,750,mcg
453,390,75,mg
454,391,500,mg
455,392,5,mg
455,393,10,mg
455,2,325,mg
456,394,0.05,%w/w
456,395,3,%w/w
457,396,0.20,%w/w
457,87,0.20,%w/w
458,2,125,mg
458,393,5,mg
458,392,2,mg
459,397,2,mg
460,398,5,%w/w
461,399,50,mg
461,2,325,mg
461,9,10,mg
462,400,2,%w/v
462,401,2.7,%w/v
462,402,5,%w/v
462,403,15,%w/v
463,404,8,mg
463,393,5,mg
464,405,2,%w/v
465,406,115,mg
465,153,35,mg
466,406,231,mg
466,153,69,mg
468,309,3.75,ml
468,310,11.25,ml
468,118,15,ml
469,407,500,mg
470,407,250,mg
471,74,0.1,%w/w
471,408,1,%w/w
472,409,0.05,%w/w
472,79,0.50,%w/w
472,410,2,%w/w
472,411,0.10,%w/w
473,1,100,mg
473,2,325,mg
473,6,250,mg
474,412,1.25,mg
474,413,4,mg
474,414,50,mg
474,346,2.5,mg
474,118,5,ml
475,19,1,%w/w
476,2,125,mg
476,348,1,mg
476,415,60,mg
477,393,5,mg
477,416,2,mg
478,417,100,mg
478,2,325,mg
478,6,375,mg
479,418,1.16,%w/w
479,419,3,%w/w
479,345,10,%w/w
479,346,5,%w/w
480,120,10,mg
480,420,40,mg
481,256,500,mg
481,2,325,mg
482,421,7.5,mg
482,422,12.5,mg
482,118,5,ml
484,87,0.3,%
484,423,0.6,%w/v
485,424,1,%w/v
485,425,0.1,%w/v
488,160,22.75,mg
490,246,125/5,mg/ml
491,426,750,mg
491,427,50,mg
491,428,250,mg
492,426,500,mg
492,427,50,mg
493,429,0.1,%w/w
494,430,10,mg
495,431,0.1,%w/w
496,432,0.5,mg
497,433,500,mg
498,434,5,mg
499,139,20,mg
499,133,10,mg
500,435,20,mg
500,436,150,mg
501,437,40,mg
501,438,150,mg
502,439,400,mg
502,420,20,mg
502,32,5,ml
503,128,10/15,g
504,440,100,mg
505,441,0.5,%
506,442,0.3,%w/v
507,443,0.1,%w/v
508,444,1,%w/v
509,445,5000,iu
509,446,4,mg
509,447,1,mg
510,448,10,%w/v
511,449,3,%w/w
512,450,2,%w/v
513,451,125/5,mg/ml
514,452,500/100,mg/ml
515,453,10,mg
516,453,20,mg
517,454,20,mg
518,454,40,mg
519,20,250/5,mg/ml
520,455,5,mg
520,226,500,mg
521,456,98,%w/w
522,457,300,mg
523,458,10,mg
523,459,0.5,mg
525,460,5,ml
526,460,10,ml
527,461,5,%w/v
528,462,10,%w/v
529,463,5,%w/v
529,464,0.9,%w/v
530,465,0.9,%w/v
531,466,200,mg
532,467,25,mg
533,468,40,mg
534,53,125,mg
535,236,250,mg
536,47,50,mg
537,469,450,mg
538,92,3,mg
539,92,4,mg
540,470,1,%
541,76,1,%w/v
541,471,0.025,%w/v
542,76,1,%w/w
542,75,0.025,%w/w
543,472,1500,mg
544,258,10,mg
545,473,25,mg
546,474,0.5,mg
547,475,7.5,mg
548,226,1000,mg
548,29,2,mg
549,476,250,mg
550,477,325,mg
551,164,3/1,mg/ml
552,478,100,mg
552,143,1000,iu
552,146,1.5,mg
552,479,3,mg
552,382,1500,mcg
553,480,0.25,mg
553,481,20,mg
554,482,50,mg
555,483,25,mg
556,483,10,mg
557,484,1,mg
558,485,75,mg
559,166,25,mg
559,165,5,mg
560,168,25,mg
561,486,75,mg
561,261,10,mg
562,487,25/2.5,mg/ml
563,488,250,iu
563,79,5,mg
563,489,60,mg
564,490,4/1,mg/ml
565,491,50,mg
566,223,100,iu
566,492,30,%
566,493,70,%
567,494,3.5,mg
568,495,0.09,%w/v
569,496,2.5,mg
570,497,0.5,mg
571,498,0.25,mcg
572,499,667,mg
573,377,1250,mg
573,143,250,iu
573,500,40,mg
573,501,1.8,mg
573,379,7.5,mg
574,502,10,%w/v
575,265,6.25,mg
576,503,1,%w/w
577,312,10,mg
577,504,1,mg
578,505,12.5,mg
579,506,800,iu
580,506,400,iu
581,507,500,mg
581,508,400,mg
582,509,20,mg
583,510,50,mg
584,511,500,mg
585,201,1,mg
586,512,50,mg
587,513,200,mg
588,514,20,mg
589,515,13.5/5,mg/ml
590,462,25,%w/v
591,516,50,mg
592,202,5/1,mg/ml
593,517,10/1,mg/ml
594,518,10,mg
595,519,80,mg
595,256,250,mg
596,520,40,mg
597,521,10,mg
598,522,600,mg
599,523,0.05,mg
599,524,0.25,mg
600,525,40,mg
601,525,80,mg
602,351,6,mcg
602,364,250,mcg
603,526,20,mg
603,527,50,mg
604,528,100,mg
604,382,500,mcg
605,529,300,mg
606,226,500,mg
606,29,1,mg
607,530,2.6,mg
608,531,5000,iu
609,532,12.5,mg
610,533,100,mg
611,534,10,mg
612,535,400,mg
613,536,25,mg
614,94,100,iu
616,537,20,mg
617,538,10,mg
618,539,2,%w/w
619,540,100,mg
620,541,20,mg
621,542,10,mg
622,543,2.5,mg
623,544,3.75,mg
624,545,1,g
625,546,500,mg
626,547,50,mcg
627,306,25,mg
628,548,2,%w/v
629,549,450,mg
630,550,1,mg
631,550,2,mg
633,551,10,mg
634,256,50,mg
634,2,125,mg
634,118,5,ml
635,552,250,mg
636,553,10,mg
637,554,850,mg
638,410,2,%w/w
638,555,0.01,%w/w
639,556,15,mg
640,557,500,mg
641,558,100,mg
642,559,5,mg
642,185,12.5,mg
643,262,2.5,mg
644,560,0.1,%w/v
645,561,10,mg
646,562,100,mg
647,563,10,mg
648,563,5,mg
649,273,20,mg
650,135,2/5,mg/ml
651,564,50,mg
652,565,100,mg
653,566,37.5,mg
654,567,5,%w/w
655,568,30,mg
656,569,1/0.5,mg/ml
657,98,15,mg
658,570,500/5,mg/ml
659,570,400,mg
660,161,25/1,mg/ml
661,275,10,mg
662,571,1000,mg
663,572,200,mg
664,573,100,mg
665,574,4000,iu
666,574,2000,iu
667,575,4,mg
667,576,2,mg
668,577,4,mg
669,258,5,mg
670,578,50,mg
671,578,100,mg
672,578,25,mg
673,579,200,mg
674,580,300,mg
675,581,400,mg
676,308,1,g
676,582,10,mg
676,118,10,ml
677,583,0.4,mg
678,191,40,mg
678,281,25,mg
679,191,80,mg
679,185,12.5,mg
680,584,20,mg
681,585,300,mg
682,586,2,mg
683,587,2,mg
684,588,35,mg
685,589,4,mg
686,590,25000,iu
687,226,500,mg
687,591,0.2,mg
688,226,500,mg
688,591,0.3,mg
689,592,4,mg
690,593,10,mg
691,594,50,mg
691,191,40,mg
692,373,100,mg
693,595,5,mg
694,528,400,mg
694,596,10,mg
695,597,25,mg
696,598,0.5,%w/v
697,599,75,mg
698,600,100,mg
699,601,5,mg
700,602,20,mg
700,226,500,mg
701,602,20,mg
701,226,1000,mg
702,558,200,mg
703,427,50,mg
703,507,750,mg
704,183,10,mg
705,603,200,mg
706,604,100,mg
707,594,25,mg
707,282,5,mg
708,307,20,mg
708,144,20,mg
709,490,0.1,%w/w
710,332,50/1,mg/ml
711,256,250,mg
712,256,500,mg
713,605,30/1,mg/ml
714,358,200/1,mg/ml
716,606,150,mg
717,606,450,mg
718,607,500,mg
719,608,25,mg
720,609,100,mg
721,610,0.2,mg
722,611,500,mg
723,612,1,g
724,613,10/1,mg/ml
725,614,80,mg
726,614,120,mg
727,615,150,mg
728,616,250,mg
729,617,100,mg
730,617,500,mg
731,618,100,mg
732,618,250,mg
734,619,75,mg
735,210,50,mcg
736,620,80,mg
736,621,480,mg
737,622,50,mg
737,146,0.5,mg
737,379,61.8,mg
738,623,120,mg
739,624,40/1,mg/ml
740,625,4,mg
741,528,300,mg
741,626,10,mg
742,627,200,mg
742,546,150,mg
743,628,1.83/5,mg/ml
744,112,400,mg
745,629,2.5,mg
746,630,80,mg
746,226,500,mg
747,631,250,mg
748,632,150,mg
749,633,32,mg
749,146,0.5,mg
749,634,7.5,mcg
750,634,100,mg
751,635,82,mg
751,143,200,iu
751,634,2.5,mcg
752,636,15,mg
752,637,150,mg
752,415,85,mg
752,346,2.6,mg
753,359,200,mg
753,638,10,mg
754,639,5,mg
755,640,2.5,mg
755,185,25,mg
756,36,500,mg
757,641,10,mg
758,505,6.25,mg
759,642,10,mg
759,191,40,mg
760,643,1,mg
761,644,150,mg
761,133,10,mg
762,645,5,mg
763,646,80,mg
763,1,100,mg
764,647,20,mg
765,648,5,mg
765,459,0.5,mg
766,523,0.03,mg
766,649,0.15,mg
767,523,0.03,mg
767,524,0.15,mg
768,650,200,mg
769,284,145,mg
770,651,200,mg
771,652,27.5,mcg
772,529,100,mg
773,653,5,mg
774,654,100,mg
775,655,200,mg
776,656,1000,mg
776,42,500,mg
777,63,500,mg
778,657,4,mg
779,556,7.5,mg
780,658,200,mg
781,343,250,mg
782,286,20,mg
782,165,5,mg
782,185,12.5,mg
783,280,20,mg
783,185,12.5,mg
784,568,60,mg
785,659,10,mg
786,390,75,mg
786,596,10,mg
787,573,25,mg
788,660,75,mg
788,276,10,mg
789,276,10,mg
789,172,75,mg
790,661,2,%w/w
791,662,400,mg
792,191,40,mg
792,165,5,mg
792,185,12.5,mg
793,191,40,mg
793,277,6.25,mg
794,663,1000,mcg
795,664,4,mg
796,665,50,mg
797,666,48,mg
797,667,90,mg
797,668,100,mg
798,669,8/1,mg/ml
799,670,0.3,%w/v
800,671,500,mg
801,672,50,mg
802,226,500,mg
802,29,2,mg
802,591,0.2,mg
803,673,250,g
805,674,300,g
806,674,100,g
807,674,500,g
810,675,250,g
811,676,100,mg
813,677,250/5,mg/ml
814,678,400,mg
815,679,100,mg
816,334,100,mg
817,680,1.25,mg
817,681,15,mg
817,414,50/5,mg/ml
818,682,3,g
819,240,200,mg
820,683,1,%w/w
821,465,0.9,%w/v
824,684,50,mg
825,685,50,mg
825,226,500,mg
826,685,50,mg
826,226,1000,mg
829,673,250,g
830,673,250,g
832,675,250,g
833,686,100,ml
834,686,500,ml
835,686,250,ml
836,335,400,mg
837,687,100,mg
838,100,500,mg
838,29,0.5,mg
839,100,1000,mg
839,29,1,mg
840,100,1000,mg
840,29,3,mg
841,100,1000,mg
841,29,4,mg
842,688,1200,mg
843,689,2.5,%w/v
844,229,25,mg
845,359,100,mg
845,358,600,mg
846,690,200,mg
847,1,200,mg
847,435,20,mg
848,1,100,mg
848,2,325,mg
848,338,4,mg
849,1,100,mg
849,2,325,mg
849,691,2,mg
850,245,400,mg
851,692,25,mg
852,693,100,mg
853,694,100,mg
854,271,100,mg
855,282,5,mg
855,695,5,mg
856,696,0.25,%w/w
857,30,400,mg
857,31,57,mg
858,30,80,mg
858,31,11.4,mg
859,30,250,mg
859,697,250,mg
859,698,2.5,billion
860,699,250,mg
860,33,250,mg
861,699,250,mg
861,700,250,mg
862,701,300,mcg
864,702,10,mg
865,702,20,mg
866,702,30,mg
867,261,10,mg
867,173,150,mg
868,261,20,mg
868,172,75,mg
869,261,20,mg
869,172,75,mg
869,173,75,mg
870,703,40,mg
870,277,6.25,mg
871,704,40,mg
871,277,12.5,mg
872,705,40,mg
873,18,200,mg
874,78,0.025,%w/w
874,76,1,%w/w
875,78,0.025,%w/v
875,76,1,%w/v
876,706,10,mg
877,199,16,mg
878,199,24,mg
879,299,0.12,%w/w
879,707,0.1,%w/w
879,708,2,%w/w
880,709,20,mg
881,710,0.01,%w/v
882,710,0.03,%w/v
883,695,2.5,mg
884,711,0.2,%w/v
884,712,0.5,%w/v
885,713,0.1,%w/v
886,378,0.25,mcg
886,142,200,mg
888,714,250,mg
888,378,0.25,mcg
888,715,50,mcg
889,142,500,mg
889,143,500,iu
890,142,1250,mg
890,378,0.25,mcg
890,715,45,mcg
892,716,25,mg
892,2,300,mg
893,717,100,mg
893,718,4000,mcg
893,719,70,mcg
894,720,1,%w/v
895,40,100/5,mg/ml
896,40,25/1,mg/ml
897,41,1,g
897,42,500,mg
898,41,2,g
898,42,1,g
899,48,100,mg
900,50,250,mg
900,51,31.25,mg
901,52,2,g
902,721,750,mg
903,722,30,mg
904,723,250,mg
905,723,500,mg
906,312,5,mg
906,724,12.5,mg
907,725,60000,iu
908,509,10,mg
909,509,5,mg
910,726,40,mg
910,727,3,mg
911,597,75,mg
912,55,0.3,%w/v
912,447,0.1,%w/v
913,728,500,mg
913,570,800,mg
914,313,2.5,mg
914,312,5,mg
914,120,10,mg
915,729,1,%w/w
915,386,4,%w/w
916,595,10,mg
917,409,0.05,%w/w
917,707,0.1,%w/w
918,409,0.05,%w/w
918,708,2,%w/w
919,409,0.05,%w/w
919,730,0.5,%w/w
920,409,0.05,%w/w
920,395,3,%w/w
921,409,0.05,%w/w
921,395,6,%w/w
922,409,0.05,%w/w
922,707,0.1,%w/w
922,708,2,%w/w
923,172,75,mg
923,173,150,mg
924,76,1,%w/v
924,731,2.5,%w/v
925,732,1,%w/v
926,717,10,l
929,733,12.5/5,mg/ml
930,734,40,mg
930,735,30,mg
930,736,200,mg
930,737,35,mg
931,738,110,mg
932,738,150,mg
933,739,10,mg
934,740,5,mg
934,638,10,mg
935,741,1.16,%w/w
935,742,0.125,%w/w
935,419,3,%w/w
935,743,10,%w/w
935,346,5,%w/w
936,399,50,mg
936,744,400,mg
937,745,75,mg
938,318,170,mg
938,746,65,mg
939,747,120,mg
940,748,2.5,mg
940,749,0.025,mg
941,750,500,mg
942,751,2,%w/v
942,752,0.5,%w/v
943,753,2,%w/v
944,754,25,mg
945,755,75,mg
946,520,80,mg
947,756,600,mg
947,757,200,mg
947,758,300,mg
948,759,10,mg
949,759,25,mg
950,757,200,mg
950,758,300,mg
951,760,0.5,mg
952,761,25,mg
953,762,500,mg
954,763,60,mg
954,2,325,mg
955,763,60,mg
955,338,4,mg
956,764,1000,mg
957,764,500,mg
958,326,100,mg
958,146,1.5,mg
958,765,22.5,mg
960,432,0.5,mg
960,766,10,mg
961,767,0.05,%
962,768,6,mcg
962,352,200,mcg
963,768,6,mcg
963,352,400,mcg
964,768,12,mcg
964,352,400,mcg
965,768,6,mcg
965,352,400,mcg
966,768,20,mcg
966,352,0.5,mg
967,768,20,mcg
967,352,1,mg
968,768,6,mcg
968,364,250,mcg
969,769,1,%
971,770,180,mg
971,771,60,mg
971,772,75,mg
972,773,2,%w/w
972,299,0.1,%w/w
973,528,100,mg
973,774,10,mg
974,528,300,mg
974,382,500,mcg
975,775,100,iu
976,455,5,mg
976,100,500,mg
976,99,15,mg
977,630,60,mg
977,100,500,mg
978,100,500,mg
978,29,2,mg
978,99,15,mg
979,100,850,mg
979,29,3,mg
980,426,750,mg
980,508,100,mg
981,356,50,mg
981,680,1.25,mg
981,413,2,mg
982,776,5,%
983,777,16.5,%
984,778,0.3,%w/v
985,779,25,mg
986,780,10,mg
986,256,250,mg
987,15,100,mg
987,781,162.5,mg
988,782,110,mcg
988,783,50,mcg
989,622,100,mg
989,146,1.5,mg
989,634,15,mcg
990,784,20,mg
990,785,37.5,mg
991,786,20,mg
992,787,5,mg
993,788,2,%
994,789,2.8,mg
994,790,25,mg
994,791,2,mg
995,792,1,mg
995,790,0.5,mg
995,793,1500,mcg
996,794,5/10,g
997,795,10,g
997,796,3.5,g
998,797,340,mg
998,798,50,mg
998,379,5,mg
998,718,2.5,mg
998,799,8,mg
999,800,1000,mg
1000,334,1000,mg
1001,334,250,mg
1002,334,750,mg
1003,801,10,mg
1004,802,100,mg
1004,803,25,mg
1005,804,30,mg
1005,416,2,mg
1006,349,100,mcg
1006,78,100,mcg
1007,349,100,mcg
1007,78,50,mcg
1008,349,100,mcg
1008,78,200,mcg
1009,349,1.25,mg
1009,352,0.5,mg
1010,349,100,mcg
1010,350,40,mcg
1011,805,0.63/2.5,mg/ml
1012,806,2.5,mg
1012,100,1000,mg
1013,806,2.5,mg
1013,100,500,mg
1014,806,5,mg
1015,807,540,mg
1015,420,50,mg
1015,582,10,mg
1016,808,500,mg
1016,809,140,mg
1016,810,150,mg
1017,382,1500,mcg
1017,811,100,mg
1018,281,50,mg
1018,272,5,mg
1019,812,50,mg
1020,813,25,mg
1021,814,5,%
1022,814,5,%
1022,815,0.1,%
1023,638,4,mg
1023,159,2.5,mg
1025,816,250,mg
1025,133,10,mg
1026,816,500,mg
1026,133,10,mg
1027,559,5,mg
1027,817,2.5,mg
1028,79,3400,iu
1028,818,5000,iu
1028,819,400,iu
1029,820,10,mg
1030,820,5,mg
1031,821,1,mg
1032,821,3,mg
1033,821,4,mg
1034,822,10,mg
1035,19,100,mg
1035,2,325,mg
1035,9,15,mg
1036,823,200,mg
1036,824,200,mg
1037,286,40,mg
1037,165,5,mg
1037,185,12.5,mg
1038,280,20,mg
1038,277,12.5,mg
1039,280,40,mg
1039,277,12.5,mg
1040,825,20,mg
1040,826,30,mg
1041,827,200,mg
1042,828,150,mg
1042,318,100,mg
1045,138,20,mg
1045,133,10,mg
1046,829,1/100,g
1047,2,100/1,mg/ml
1048,2,125,mg
1048,347,2.5,mg
1048,348,1,mg
1049,2,125,mg
1049,347,5,mg
1049,348,1,mg
1050,2,162.5,mg
1050,25,18.75,mg
1051,2,250,mg
1051,347,5,mg
1051,348,2,mg
1052,2,500,mg
1052,830,25,mg
1053,2,500,mg
1053,6,250,mg
1054,2,500,mg
1054,347,10,mg
1054,348,2,mg
1055,20,120,mg
1056,347,5,mg
1056,348,2,mg
1056,831,10,mg
1057,347,5,mg
1057,348,2,mg
1057,831,15,mg
1058,570,800,mg
1059,832,200,mg
1060,833,15,g
1061,834,5,mg
1062,390,75,mg
1062,382,1500,mcg
1062,596,10,mg
1063,390,75,mg
1063,382,750,mcg
1064,835,5,mg
1065,836,2,mg
1066,836,1,mg
1067,837,100,mg
1068,594,25,mg
1068,272,2.5,mg
1069,141,75/5,mg/ml
1070,838,500,mg
1071,839,10,mg
1072,839,20,mg
1073,840,275,mg
1073,841,100,mg
1073,842,307.5,mg
1074,276,20,mg
1074,270,160,mg
1075,258,40,mg
1076,276,10,mg
1076,173,75,mg
1076,172,75,mg
1077,276,20,mg
1077,173,75,mg
1077,172,75,mg
1078,843,5,mg
1079,844,2.5,mg
1079,166,50,mg
1080,845,250,mg
1081,846,250,mg
1082,847,24,mg
1082,848,26,mg
1083,847,49,mg
1083,848,51,mg
1084,849,200,mcg
1085,850,1.15,%w/w
1085,851,1.15,%w/w
1085,852,5.3,%w/w
1086,353,50,mcg
1086,364,100,mcg
1087,853,4,mg
1088,854,5,mg
1089,855,50,mg
1089,856,1000,mg
1090,855,50,mg
1090,856,500,mg
1091,857,100,mg
1092,857,50,mg
1093,858,200/5,mg/ml
1094,859,200,mg
1094,860,87,mg
1095,859,333,mg
1095,860,145,mg
1096,861,0.1,%w/w
1097,191,80,mg
1097,165,5,mg
1098,191,80,mg
1098,642,10,mg
1099,192,80,mg
1100,191,40,mg
1100,277,12.5,mg
1100,165,5,mg
1101,191,40,mg
1101,277,6.25,mg
1101,165,5,mg
1102,191,40,mg
1102,642,10,mg
1102,277,6.25,mg
1103,862,1,%w/w
1104,863,25,mg
1105,864,90,mg
1106,865,9,mcg
1107,866,18,mcg
1108,867,15,mg
1109,868,10,mg
1109,527,50,mg
1110,294,40,mg
1111,294,5,mg
1112,869,0.004,%w/v
1113,870,60,mg
1114,666,48,mg
1114,667,90,mg
1114,668,100,mg
1114,10,50,mg
1115,303,150,mg
1116,871,1000,mg
1117,685,50,mg
1117,226,850,mg
1118,872,60000,iu
1120,591,0.2,mg
1120,29,1,mg
1120,226,500,mg
1121,591,0.2,mg
1121,29,2,mg
1121,226,1000,mg
1122,591,0.3,mg
1122,29,2,mg
1122,226,1000,mg
1123,592,4,mg
1124,152,84.7,mg
1124,153,25.3,mg
1125,873,500,mg
1126,210,12.5,mcg
1127,210,25,mcg
1128,210,75,mcg
1129,210,125,mcg
1130,874,10,mg
1131,875,10,mg
1131,376,0.5,mg
1132,196,1.53/5,g
1133,876,334,mg
1133,877,1100,mg
1133,118,5,ml
1134,878,7.5,mg
1135,196,1.37/5,g
1136,879,0.5,mg
1137,434,1,mg
1138,880,25,mg
1139,880,50,mg
1140,877,1100,mg
1140,881,375,mg
1141,882,4,mg
1142,882,8,mg
1143,882,4,mg
1143,376,0.5,mg
1144,882,8,mg
1144,376,0.5,mg
1145,883,5,mg
1146,883,10,mg
1147,375,0.4,mg
1147,884,2,mg
1148,375,0.4,mg
1148,884,4,mg
1149,885,2,mg
1150,885,4,mg
1151,886,1,%w/v
1152,887,0.5,%w/v
1153,888,1,%w/v
1154,889,0.09,%w/v
1154,243,0.5,%w/v
1155,446,0.5,%w/v
1155,447,0.1,%w/v
1156,890,150,mg
1157,891,0.3,%w/v
1157,447,0.1,%w/v
1158,891,0.3,%w/v
1158,892,1,%w/v
1159,707,0.3,%w/v
1159,447,0.1,%w/v
1160,893,2,%w/v
1161,894,0.5,%w/v
1162,243,0.5,%w/v
1162,447,0.1,%w/v
1163,895,5,%w/v
1164,231,120,mg
1165,896,75/1,mg/ml
1166,897,200,mg
1166,898,500,mg
1166,899,25,mg
1167,900,7.5,mg
1168,900,2.5,mg
1169,232,600,mg
1170,901,25,mg
1171,480,0.25,mg
1171,902,20,mg
1172,480,0.25,mg
1172,902,10,mg
1173,480,0.5,mg
1173,903,25,mg
1174,480,0.5,mg
1174,903,50,mg
1175,482,100,mg
1176,482,200,mg
1177,483,75,mg
1178,483,50,mg
1179,483,5,mg
1180,724,25,mg
1180,312,10,mg
1181,904,50,mg
1182,904,100,mg
1183,601,2.5,mg
1184,601,10,mg
1185,601,15,mg
1186,601,20,mg
1187,601,7.5,mg
1188,601,30,mg
1189,496,1.25,mg
1190,905,150,mg
1191,641,25,mg
1192,906,100,mg
1193,906,50,mg
1194,906,25,mg
1195,907,20,mg
1195,908,40,mg
1196,909,20,mg
1197,511,250/1,mg/ml
1198,910,0.25,mg
1199,911,10,mg
1200,911,25,mg
1201,911,50,mg
1202,912,25,mg
1203,912,50,mg
1204,912,100,mg
1205,202,2,mg
1206,202,10,mg
1207,913,10,mg
1208,913,25,mg
1209,913,75,mg
1210,914,30,mg
1211,203,5,mg
1212,474,0.25,mg
1213,676,25,mg
1214,676,50,mg
1215,306,50,mg
1216,306,75,mg
1217,556,30,mg
1218,315,200,mg
1219,315,550,mg
1220,915,5,mg
1220,481,20,mg
1221,207,100/2,mg/ml
1222,916,12.5,mg
1222,459,0.25,mg
1223,577,1,mg
1224,577,2,mg
1225,917,180,mg
1225,918,120,mg
1226,919,10,%w/w
1226,920,1,%w/w
1227,382,1500,mcg
1228,382,500,mcg
1229,921,150,mg
1229,922,500,mg
1230,923,100,iu
1231,924,100,iu
1232,925,0.5,mg
1233,925,1,mg
1234,925,2,mg
1235,926,1,mg
1235,226,500,mg
1236,926,2,mg
1236,226,500,mg
1237,30,200,mg
1237,927,28.5,mg
1238,30,500,mg
1238,927,125,mg
1239,30,200,mg
1239,927,28.5,mg
1240,30,250,mg
1240,33,250,mg
1241,30,125,mg
1241,33,125,mg
1242,30,250,mg
1242,697,250,mg
1243,928,300,mg
1244,928,125/5,mg/ml
1245,929,150,mg
1246,237,50,mg
1246,927,31.25,mg
1247,237,100,mg
1247,927,62.5,mg
1248,930,125/5,mg/ml
1249,930,250/5,mg/ml
1250,930,500,mg
1251,930,250,mg
1252,931,250,mg
1252,70,31.25,mg
1253,931,1000,mg
1253,70,125,mg
1254,243,400,mg
1254,237,400,mg
1255,488,400,iu
1255,79,3400,iu
1255,932,5000,iu
1256,933,1,%w/w
1256,919,5,%w/w
1257,933,1,%w/w
1257,919,5,%w/w
1257,395,2,%w/w
1258,689,1,%w/w
1259,1,100,mg
1259,2,325,mg
1260,934,125,mcg
1261,935,0.5,mg
1262,523,0.035,mg
1262,936,2,mg
1263,142,500,mg
1263,143,500,iu
1264,838,1000,mg
1265,937,5,%w/w
1266,938,500,mg
1267,938,1000,mg
1268,420,40,mg
1268,939,0.005,ml
1268,940,0.0007,ml
1269,809,140,mg
1270,941,10,mg
1271,941,15,mg
1272,941,30,mg
1273,942,60,mg
1274,559,5,mg
1274,191,40,mg
1275,943,10,mg
1276,944,5,mg
1277,688,500,mg
1278,945,0.1,mg
1279,946,1,mg
1280,946,2,mg
1281,946,4,mg
1282,947,0.03,%w/v
1282,752,0.5,%w/v
1283,105,50,mg
1284,948,800,mg
1285,949,2,mg
1286,949,1,mg
1287,949,0.25,mg
1288,950,400,mg
1288,951,100,mg
1289,952,300,mg
1289,953,100,mg
1290,954,0.1,%w/v
1291,955,200,mg
1292,877,1100,mg
1292,881,375,mg
1292,144,20,mg
1292,118,5,ml
1293,956,20,mg
1294,957,20,mg
1295,828,150,mg
1295,318,100,mg
1296,958,10,mg
1296,959,30,mg
1297,133,10,mg
1297,2,325,mg
1298,960,1.5,mg
1299,961,100,mg
1299,789,300,mcg
1299,382,500,mcg
1300,962,10,mg
1300,146,1.5,mg
1300,963,100,mg
1301,964,60000,iu
1302,254,2.5,mg
1303,965,500,mg
1304,167,10,mg
1305,966,1000,mg
1305,967,60,mg
1305,968,12.5,mg
1305,718,2500,mcg
1306,261,10,mg
1306,506,1000,iu
1307,191,40,mg
1307,261,10,mg
1308,791,1500,mcg
1308,811,100,mg
1308,969,100,mg
1308,146,1.5,mg
1308,970,200,mcg
1308,971,55,mcg
1308,972,150,mg
1309,973,0.05,%w/w
1310,87,1,%w/w
1310,974,1,%w/w
1310,975,2,%w/w
1311,66,0.3,%w/v
1311,447,0.1,%w/v
1311,976,0.005,%w/v
1312,977,2,%w/v
1313,20,1000,mg
1314,978,10,mg
1317,261,10,mg
1317,173,75,mg
1317,172,75,mg
1318,261,20,mg
1318,173,150,mg
1319,261,20,mg
1319,173,75,mg
1320,169,5,mg
1321,979,2.5,%w/w
1322,980,1,%w/w
1323,981,10,mg
1324,264,5,mg
1324,185,12.5,mg
1325,982,0.005,%
1325,409,0.05,%
1326,983,500,mg
1327,714,250,mg
1327,143,100,iu
1327,146,50,mcg
1328,984,400,mg
1329,803,10,mg
1329,802,100,mg
1330,985,1100,mg
1330,986,250,mg
1330,987,250,mg
1331,988,1100,mg
1332,989,10,mg
1333,989,20,mg
1334,265,12.5,mg
1335,642,10,mg
1335,277,12.5,mg
1336,594,25,mg
1336,642,10,mg
1337,594,50,mg
1337,642,10,mg
1338,907,20,mg
1338,133,15,mg
1339,76,1,%w/v
1339,990,2,%w/v
1340,991,300,mg
1340,992,300,mg
1340,993,90,mg
1340,920,10,mg
1341,994,500,mg
1341,995,40,mg
1341,996,750,mg
1342,738,75,mg
1343,739,10,mg
1343,226,1000,mg
1344,739,10,mg
1344,226,500,mg
1345,739,5,mg
1346,740,5,mg
1347,997,100,mg
1348,998,250,mg
1349,999,50,mg
1350,1000,400,mg
1350,638,10,mg
1351,1001,0.5,mg
1351,902,20,mg
1352,526,20,mg
1352,527,25,mg
1353,1002,500,mg
1354,1003,50,mg
1355,786,10,mg
1356,1004,0.4,%w/v
1357,1005,100,mg
1358,254,10,mg
1359,254,5,mg
1360,657,16,mg
1361,594,50,mg
1361,191,40,mg
1361,277,12.5,mg
1362,1006,12.5,mg
1363,1007,2,%w/w
1364,1008,0.05,%w/v
1365,1009,360,mg
1366,226,500,mg
1366,1010,600,mg
1367,1011,6.4,mg
1368,473,10,mg
1369,135,8,mg
1370,1012,150,mg
1371,2,650,mg
1371,830,50,mg
1372,832,400,mg
1373,1013,978,mg
1373,1014,300,mg
1373,1015,200,mg
1374,1016,1,%w/v
1375,390,75,mg
1375,382,1500,mcg
1376,4,150,mg
1377,1017,200,mg
1378,527,50,mg
1378,1018,20,mg
1379,1019,85,mg
1379,816,500,mg
1380,191,40,mg
1380,642,10,mg
1380,277,12.5,mg
1381,294,100,mg
1382,292,40,mg
1383,293,40,mg
1384,291,1,mg
1385,291,2,mg
1386,1020,20,mg
1387,1021,60,mg
1388,1022,400,mcg
1389,1023,25,mg
1389,294,10,mg
1390,1024,2,mg
1391,169,80,mg
1393,1025,200,mcg
1394,1025,100,mcg
1395,75,100,mcg
1396,1026,200,mcg
1397,1026,400,mcg
1398,1027,4,mg
1399,709,20,mg
1399,638,10,mg
1400,1028,100,mg
1401,239,200,mg
1401,66,200,mg
1402,729,100,mg
1402,76,100,mg
1402,56,100,mg
1403,1029,150,mg
1404,1030,1,%w/w
1405,1031,2.5,mg
1406,1032,40,mg
1406,438,150,mg
1407,1033,5,mg
1407,1034,1000,mg
1408,1033,5,mg
1408,1034,500,mg
1409,1035,5,mg
1410,284,200,mg
1411,1036,100,mg
1412,92,0.5,mg
1413,507,1500,mg
1414,1037,25,mg
1415,1038,150,mg
1416,1039,10,mg
1418,295,200,mg
1419,1040,8,mg
1419,2,325,mg
1420,1041,7.5,mg
1421,1041,15,mg
1422,1042,400,mg
1423,1043,500,mg
1423,1044,3,mg
1424,1043,500,mg
1424,1044,4,mg
1425,1045,2.5,mg
1426,243,0.5,%w/v
1426,1046,1,%w/v
1427,287,0.2,mg
1428,1012,450,mg
1429,1012,600,mg
1430,1047,25,mg
1431,1048,12.5,mg
1432,1049,0.25,mg
1433,1050,100/2,mg/ml
1434,189,10,mg
1435,1051,100,mg
1435,685,50,mg
1436,1051,100,mg
1436,226,1000,mg
1437,1051,100,mg
1438,1051,100,mg
1438,226,500,mg
1439,577,3,mg
1440,946,0.5,mg
1441,1052,0.25,mg
1442,1053,5,mg
1443,1054,400,mg
1444,902,40,mg
1444,1055,10,mg
1445,191,80,mg
1445,165,5,mg
1445,185,12.5,mg
1446,1056,25,mg
1447,1057,120,mg
1448,920,600,mg
1449,226,500,mg
1449,591,0.3,mg
1449,29,1,mg
1450,226,500,mg
1450,591,0.3,mg
1450,29,2,mg
1451,1058,20,mg
1452,1059,8,mg
1453,1059,4,mg
1453,1060,1.25,mg
1455,1058,40,mg
1456,356,50,mg
1456,680,1.25,mg
1456,681,30,mg
1456,118,5,ml
1457,356,100,mg
1457,680,1.25,mg
1457,681,15,mg
1457,118,5,ml
1458,847,97,mg
1458,848,103,mg
1459,1061,250,mg
1460,1062,500,mg
1462,212,300,mg
1463,482,300,mg
1464,1063,50,mg
1464,226,500,mg
1465,1064,600,mg
1466,1065,70,mg
1467,165,5,mg
1467,184,50,mg
1467,1066,12.5,mg
1468,165,5,mg
1468,1067,4,mg
1470,1068,1,kg
1478,1069,250,g
1479,1069,250,g
1481,1070,600,mg
1481,1071,50,mg
1481,1072,300,mg
1482,1070,600,mg
1482,1072,300,mg
1483,1073,20,mg
1484,1073,50,mg
1485,981,5,mg
1486,1074,20/1,mg/ml
1487,1075,0.5,mg
1488,1076,10,mg
1489,1077,100/10,mg/ml
1490,1077,500/50,mg/ml
1491,395,1,%w/v
1492,395,3,%
1493,395,2,%w/v
1494,1078,4,iu
1495,1079,100/1,mg/ml
1496,791,1500,mcg
1496,146,0.7,mg
1496,963,100,mg
1498,1080,2,mg
1499,1081,4,mg
1500,1082,4,mg
1501,1082,8,mg
1502,1083,50,mg
1503,872,60000,iu
1504,739,5,mg
1504,1084,50,mg
1505,739,10,mg
1505,1084,100,mg
1506,390,75,mg
1506,1085,30,mg
1507,390,75,mg
1507,1085,20,mg
1508,390,50,mg
1508,1085,20,mg
1509,1086,180,mg
1511,332,50/1,mg/ml
1512,1087,5,mg
1513,1088,600,mcg
1513,737,500,mg
1513,872,1000,iu
1513,379,50,mg
1514,1089,100,mg
1514,1090,100,mg
1514,963,12,mg
1514,1091,50,mg
1514,1092,50,mg
1514,1093,40,mg
1514,1094,20,mg
1514,379,25,mg
1514,969,10,mg
1514,430,10,mg
1514,1095,10,mg
1514,1096,2,mg
1515,1097,250,mg
1516,1098,333,mg
1517,1010,1000,mg
1517,1099,100,mcg
1517,872,1000,iu
1517,358,600,mg
1517,1091,100,mg
1518,74,0.1,%w/w
1518,1100,2.5,%w/w
1519,1101,25,mg
1520,1102,50,mg
1521,1102,150,mg
1522,1103,20,mg
1523,1104,5,mg
1524,1105,8,mg
1525,1106,62.5,mg
1526,1107,10,mg
1526,1108,2,mg
1526,1109,5,ml
1527,1110,50,mg
1528,378,0.25,mcg
1528,377,500,mg
1528,715,45,mcg
1528,382,1500,mcg
1528,379,7.5,mg
1528,1111,50,mg
1528,1112,800,mcg
1529,142,1250,mg
1529,872,2000,iu
1529,791,1500,mcg
1529,789,1,mg
1529,790,20,mg
1530,1113,1000,mg
1530,1111,100,mg
1530,379,4,mg
1530,872,200,iu
1531,1114,1,%w/w
1531,409,0.05,%
1532,1115,30,mg
1533,1116,50,mg
1534,330,30,mg
1534,1117,0.4,mg
1535,1118,50,mg
1535,459,0.5,mg
1536,1118,100,mg
1536,459,0.5,mg
1537,1118,50,mg
1538,1118,100,mg
1539,1119,60,mg
1541,1120,5,mg
1541,1121,5,mg
1542,1120,5,mg
1542,1121,10,mg
1543,759,10,mg
1543,806,5,mg
1544,1001,0.5,mg
1544,902,40,mg
1545,1122,0.03,%w/v
1545,1123,5,ml
1546,1124,0.5,mg
1546,596,10,mg
1547,1125,0.1,%w/v
1547,1123,5,ml
1548,1126,27,%w/v
1548,1127,0.05,%w/v
1548,1128,0.03,%w/v
1548,346,0.05,%w/v
1548,1129,0.033,%w/v
1550,1130,1.2,%w/v
1551,1131,250,mg
1553,1132,300,mg
1554,1133,0.5,mg
1554,1134,10,mcg
1554,1135,400,iu
1554,382,1500,mcg
1554,790,1.5,mg
1554,718,5000,mcg
1554,714,250,mg
1555,550,3,mg
1556,1136,10,mg
1556,799,2,mg
1556,1137,2,mg
1556,1138,500,mg
1557,1138,500,mg
1557,1139,150,mg
1557,1140,100,mg
1557,1141,50,mg
1557,1136,20,%
1557,1142,4,%
1557,1143,4.8,mg
1557,143,10,mcg
1558,382,1500,mcg
1558,634,5,mg
1558,972,50,mg
1558,811,200,mg
1558,146,5,mg
1558,430,5,mg
1559,1076,0.5,mg
1560,1144,100,mg
1561,1114,1,%w/w
1562,1145,2,mg
1563,1146,150,mg
1564,1147,500,mg
1565,1148,10,mg
1566,1148,5,mg
1567,1149,0.4,%w/v
1567,1150,0.1,%w/v
1568,1151,2.5,mg
1569,1152,0.4,%w/v
1569,1153,0.3,%w/v
1570,1154,2,mg
1571,1155,0.75,mg
1572,1155,1.5,mg
1573,1156,2.5,mg
1574,1156,5,mg
1575,479,3,mg
1575,963,50,mg
1575,146,1.5,mg
1576,1157,200,mg
1577,1158,400,mg
1578,1159,800,mg
1579,1160,100,mg
1580,1160,50,mg
1581,602,20,mg
1581,99,15,mg
1582,1161,100,mg
1583,1161,50,mg
1584,1162,50,mg
1585,871,500,mg
1586,1163,37.5,mg
1587,1163,75,mg
1588,1163,150,mg
1589,1164,100,mg
1590,1165,50,mg
1591,1165,100,mg
1592,1084,100,mg
1592,100,1000,mg
1593,1084,50,mg
1593,100,500,mg
1594,405,2,%w/v
1595,1166,5,mg
1596,1167,10,mg
1597,642,10,mg
1597,280,20,mg
1598,642,10,mg
1598,280,40,mg
1599,559,5,mg
1599,642,10,mg
1600,559,2.5,mg
1600,642,10,mg
1601,1012,300,mg
1602,1168,500,mg
1603,1169,500,mg
1604,1170,250,mg
1605,1171,100,g
1606,1171,250,g
1607,1171,500,g
1608,1172,500,g
1609,1172,1,kg
1610,1,200,mg
1610,1173,15,mg
1611,1,100,mg
1611,691,2,mg
1612,1174,5.0,%w/w
1613,1175,2.5,mg
1614,1175,5,mg
1617,261,10,mg
1617,1176,10,mg
1618,261,20,mg
1618,1176,10,mg
1619,1177,10,%w/w
1619,1178,0.2,%w/w
1620,1179,16,mg
1621,1180,8,mg
1621,191,40,mg
1622,1179,8,mg
1623,1181,4,mg
1625,1182,25,mg
1626,1183,2,mg
1627,1183,2.5,mg
1629,333,20,mg
1630,39,125/5,mg/ml
1631,931,2,g
1631,1184,0.5,g
1632,1185,1,%w/v
1633,1186,8,%w/v
1634,172,150,mg
1635,1187,0.625,mg
1636,1188,250,mg
1637,739,10,mg
1637,685,100,mg
1638,739,5,mg
1638,685,100,mg
1639,1116,20,mg
1640,1116,50,mg
1641,1116,70,mg
1642,741,1.16,%w/w
1642,1189,2.50,%w/w
1642,419,0.50,%w/w
1642,743,10,%w/w
1642,346,5,%w/w
1643,1071,50,mg
1644,1190,25,mg
1645,1190,50,mg
1646,1191,10,mg
1647,1191,5,mg
1649,773,2,%w/w
1649,1192,1,%w/w
1650,933,2,%w/v
1650,850,1,%w/v
1650,963,0.5,%w/v
1650,1193,1,%w/v
1650,920,0.2,%w/v
1650,919,1,%w/v
1651,1194,1,%w/w
1653,114,1,%w/w
1654,1195,10,mg
1655,542,25,mg
1656,542,5,mg
1657,802,200,mg
1657,803,50,mg
1658,349,50,mcg
1658,78,50,mcg
1659,1196,250,mg
1660,1196,500,mg
1661,683,1,%w/w
1662,1197,10,mg
1663,1198,100/1,mg/ml
1665,254,15,mg
1666,254,20,mg
1667,1199,5/5,mg/ml
1668,1200,100,mg
1670,1201,10,mg
1671,1201,2.5,mg
1672,1201,5,mg
1673,559,2.5,mg
1673,165,2.5,mg
1674,559,5,mg
1674,165,5,mg
1675,1202,100,mg
1676,273,10,mg
1677,1203,21,g
1678,1204,1,%w/w
1679,1205,2,%w/w
1680,1206,200,mg
1681,1206,400,mg
1682,1207,400000,iu
1683,1207,800000,iu
1685,275,20,mg
1686,573,50,mg
1687,272,2.5,mg
1687,185,12.5,mg
1688,189,1.25,mg
1689,1051,100,mg
1689,602,10,mg
1690,1051,100,mg
1690,685,50,mg
1690,226,500,mg
1691,926,0.5,mg
1691,591,0.2,mg
1692,926,0.5,mg
1692,591,0.3,mg
1693,926,1,mg
1693,591,0.2,mg
1694,926,1,mg
1694,591,0.3,mg
1695,353,50,mcg
1695,354,500,mcg
1696,1208,200,mg
1697,1209,12.5,mg
1698,1209,25,mg
1699,191,40,mg
1699,642,10,mg
1700,191,40,mg
1700,642,10,mg
1701,191,40,mg
1701,1210,25,mg
1701,1211,12.5,mg
1702,618,20,mg
1703,602,20,mg
1703,739,10,mg
1704,602,20,mg
1704,739,5,mg
1705,1212,100,mg
1706,1212,200,mg
1707,1212,50,mg
1708,210,150,mcg
1709,864,60,mg
1710,1213,20,mg
1711,1213,40,mg
1712,1213,60,mg
1713,1018,10,mg
1713,527,25,mg
1714,1214,40,mcg
1714,752,5,mg
1715,1215,10,mg
1716,1215,20,mg
1717,1215,5,mg
1718,167,2.5,mg
1719,150,5,mg
1720,594,25,mg
1720,282,2.5,mg
1721,1216,10,%w/v
1722,276,20,mg
1722,173,75,mg
1723,191,80,mg
1723,277,12.5,mg
1724,138,40,mg
1724,133,10,mg
1725,739,5,mg
1725,226,500,mg
1726,912,200,mg
1727,1,1.00,%w/w
1727,346,5.00,%w/w
1728,1,1.5,%w/w
1728,1217,30,g
1729,1218,10,mg
1730,1218,5,mg
1732,704,20,mg
1733,704,80,mg
1734,1178,6,%w/w
1734,850,3,%w/w
1735,1219,0.1,%w/v
1735,730,0.5,%w/v
1736,1219,0.1,%w/v
1736,66,0.3,%w/v
1737,709,10,mg
1737,638,4,mg
1739,1220,8,%w/w
1739,919,10,%w/w
1739,1221,10,%w/w
1742,237,200,mg
1742,33,500,mg
1743,87,0.2,%w/v
1743,1222,0.05,%w/v
1743,1223,0.09,%w/v
1744,1224,4.80,%w/v
1744,1225,9,%
1744,1226,13.10,%
1745,728,500/5,mg/ml
1746,1227,2,%w/w
1747,1228,20,mg
1747,1229,25,mg
1748,1230,5,mg
1748,958,20,mg
1749,739,10,mg
1749,1084,50,mg
1750,739,10,mg
1750,1084,100,mg
1750,226,1000,mg
1751,739,10,mg
1751,1084,100,mg
1751,226,500,mg
1752,739,5,mg
1752,226,1000,mg
1753,739,5,mg
1753,1084,100,mg
1754,1231,180,mg
1755,1231,250,mg
1756,1231,360,mg
1757,1231,400,mg
1758,1231,500,mg
1759,1232,250,mg
1760,1232,500,mg
1761,330,6/5,mg/ml
1762,1233,60/1,mg/ml
1763,7,200,mg
1764,741,1.16,%w/w
1764,1234,2.5,%w/w
1764,1235,0.5,%w/w
1764,345,10,%w/w
1764,1236,5,%w/w
1765,10,2,%w/v
1765,345,10,%w/v
1765,346,5,%
1765,1237,10,%
1766,10,50,mg
1766,338,4,mg
1767,10,50,mg
1767,338,8,mg
1768,519,40/2,mg/ml
1769,1238,20,mg
1769,791,1.5,mg
1770,1238,30,mg
1770,791,1.5,mg
1771,1239,10,mg
1771,347,10,mg
1772,1240,20,mg
1773,1240,40,mg
1774,759,25,mg
1774,806,5,mg
1775,1241,200,mg
1776,1229,50,mg
1777,1001,0.5,mg
1777,648,10,mg
1778,1001,0.5,mg
1778,648,5,mg
1779,1242,1.5,mg
1780,763,60,mg
1780,390,75,mg
1781,1243,1,%w/w
1782,1243,3,%w/w
1782,1244,0.5,%w/w
1783,1245,50/1,mg/ml
1784,1246,2,%w/w
1785,1247,0.01,%w/w
1785,410,2,%w/w
1785,79,0.5,%w/w
1785,1248,10,g
1787,526,40,mg
1787,640,5,mg
1788,526,40,mg
1788,1249,600,mg
1789,528,200,mg
1789,596,10,mg
1790,528,6,%w/w
1790,1250,5,%w/w
1790,1103,2,%w/w
1791,296,2,%w/w
1791,298,0.05,%w/w
1791,1247,0.01,%w/w
1792,296,4,%w/w
1792,298,0.05,%w/w
1792,1247,0.01,%w/w
1792,1251,20,g
1793,1252,6/1,mg/ml
1794,1252,10/5,mg/ml
1795,15,100/5,mg/ml
1796,1253,25,mg
1797,1039,10,mg
1797,133,30,mg
1798,1254,1000,mg
1799,1254,500,mg
1800,782,150,mcg
1800,1255,160,mcg
1801,782,150,mcg
1801,1255,320,mcg
1802,782,150,mcg
1802,1255,80,mcg
1803,1256,20,mcg
1804,1257,1,%w/w
1805,114,1.5,mg
1805,113,200,mg
1806,539,2,%w/v
1806,1258,1,%w/v
1807,1259,2,%w/w
1808,1260,2.5,%
1809,1091,3,g
1809,1261,75,mg
1810,1262,50,mcg
1810,712,5,mg
1811,1263,15,mg
1812,1264,1000,mg
1813,1265,5,mg
1813,638,10,mg
1813,355,75,mg
1814,1266,20,mg
1814,416,4/5,mg/ml
1815,1266,20/5,mg/ml
1816,802,100,mg
1816,803,25,mg
1816,1267,200,mg
1817,802,150,mg
1817,803,37.5,mg
1817,1267,200,mg
1818,802,50,mg
1818,803,12.5,mg
1818,1267,200,mg
1819,990,1.5,%w/w
1819,1268,0.3,%w/w
1820,990,2.5,%w/w
1820,1269,2.5,%w/w
1821,1250,4,%w/w
1821,974,1,%w/w
1821,308,7,%w/w
1822,806,2.5,mg
1822,739,10,mg
1823,806,2.5,mg
1823,739,5,mg
1824,806,2.5,mg
1824,100,850,mg
1825,806,5,mg
1825,739,10,mg
1826,806,5,mg
1826,739,5,mg
1827,1270,0.5,mg
1828,254,25/1,mg/ml
1829,254,50/2,mg/ml
1830,974,2,%w/w
1830,1271,2,%w/w
1831,708,20,mg
1831,1255,1,mg
1831,1114,10,mg
1832,1272,200,mg
1833,158,10,mg
1833,1239,10,mg
1835,1273,2,%w/w
1837,1274,0.5/1,mg/ml
1838,1274,2.5/1,mg/ml
1839,1275,50,mg
1840,1276,100,mg
1841,1277,10,mg
1842,66,100,mg
1842,974,200/5,mg/ml
1844,1278,100,mg
1845,1278,400,mg
1846,771,10,mg
1846,770,20,mg
1846,1279,2,mg
1846,1280,2,mg
1846,1281,2,mg
1847,771,60,mg
1847,770,75,mg
1848,1282,5,%w/w
1848,1283,0.7,%w/w
1849,1284,5,%w/w
1850,1285,300,mg
1851,1286,0.5,mg
1852,1286,1,mg
1853,1287,200,mcg
1854,1287,400,mcg
1855,1288,2,%w/w
1856,373,20,mg
1857,1289,1,mg
1858,1084,100,mg
1858,100,500,mg
1859,1290,10,%w/w
1861,191,40,mg
1861,695,2.5,mg
1862,191,40,mg
1862,695,5,mg
1863,602,20,mg
1863,226,1000,mg
1863,99,15,mg
1864,602,20,mg
1864,226,500,mg
1864,99,15,mg
1865,1291,1,%w/w
1867,1292,0.3,%w/v
1867,1293,0.1,%w/v
1868,1294,2.0,%w/w
1869,1295,11,mg
1870,1295,22,mg
1871,1294,10,mg
1872,1294,5,mg
1873,1296,150,mg
1873,10,50,mg
1874,1018,10,mg
1874,640,5,mg
1875,23,50,mg
1875,10,75,mg
1876,1297,10,mg
1878,1298,0.5,mg
1879,685,100,mg
1879,226,1000,mg
1880,685,100,mg
1880,226,500,mg
1881,685,50,mg
1881,226,1000,mg
1882,685,50,mg
1882,226,500,mg
1883,1299,200,mg
1884,482,25,mg
1885,1300,100,mg
1886,1300,200,mg
1887,1300,300,mg
1888,1300,400,mg
1889,352,160,mcg
1889,351,4.5,mcg
1890,1301,20,mg
1891,1301,40,mg
1892,1301,60,mg
1893,1302,1.5,mg
1894,1302,3,mg
1895,1302,4.5,mg
1896,1302,6,mg
1897,1303,250,mg
1898,1303,500,mg
1899,1303,1,g
1900,408,1,%w/w
1901,1304,15,mg
1902,630,60,mg
1902,226,1000,mg
1903,739,10,mg
1903,685,100,mg
1903,226,1000,mg
1904,739,10,mg
1904,685,100,mg
1904,226,500,mg
1905,740,10,mg
1906,1305,6,mg
1907,1306,2,mg
1908,1307,10,mg
1909,1307,5,mg
1910,1308,0.25,mg
1911,1308,0.5,mg
1912,1308,5,mg
1913,1308,10,mg
1914,1309,1,%w/v
1915,1310,1,%w/v
1916,1311,0.05,%w/w
1917,532,25,mg
1918,1312,10,mg
1919,1312,5,mg
1920,1313,500,mg
1921,240,130,mg
1922,240,65,mg
1923,1314,1,%w/v
1924,1315,2.5,mg
1925,1315,5,mg
1926,806,5,mg
1926,226,1000,mg
1927,1316,20,mg
1928,1316,40,mg
1929,1316,80,mg
1930,1317,150,mg
1931,1318,1500,mcg
1932,97,250,mg
1933,1319,50,mg
1933,185,12.5,mg
1934,158,4,mg
1934,1320,60/5,mg/ml
1935,132,20,mg
1936,921,600,mg
1936,144,50,mg
1937,816,500,mg
1937,1321,20,mg
1938,1322,10,mg
1939,1323,30,mg
1940,1323,60,mg
1941,1324,20,mg
1942,1324,30,mg
1943,1325,50,mcg
1944,1325,100,mcg
1945,1326,100,mg
1946,1326,150,mg
1947,286,40,mg
1947,165,5,mg
1948,280,20,mg
1948,642,10,mg
1948,277,12.5,mg
1949,280,20,mg
1949,642,10,mg
1949,277,6.25,mg
1950,280,40,mg
1950,642,10,mg
1950,277,12.5,mg
1951,1327,30,mg
1953,1328,5,mg
1954,1329,100,mg
1955,575,2,mg
1955,1330,2,mg
1956,575,3,mg
1956,1330,2,mg
1957,839,15,mg
1958,839,2.5,mg
1959,1331,1.5,mg
1960,1331,3,mg
1961,1331,4.5,mg
1962,1331,6,mg
1963,1332,9,mg
1964,1332,18,mg
1965,1332,27,mg
1966,1333,5,mg
1967,1333,10,mg
1968,1334,250,mcg
1969,1334,500,mcg
1970,1335,0.005,%w/v
1971,1336,100,mg
1972,1084,50,mg
1972,29,1,mg
1972,226,1000,mg
1973,1084,50,mg
1973,29,2,mg
1973,226,1000,mg
1974,288,50,mg
1975,288,100,mg
1976,1337,10,mg
1977,1337,20,mg
1978,374,2.5,mg
1979,374,5,mg
1980,374,10,mg
1981,602,20,mg
1981,739,10,mg
1981,226,1000,mg
1982,602,20,mg
1982,739,10,mg
1982,226,500,mg
1983,210,62.5,mcg
1984,868,20,mg
1984,527,25,mg
1985,868,5,mg
1985,527,50,mg
1986,1338,100,mg
1987,1338,25,mg
1988,1339,250,mg
1989,798,100,mg
1990,798,300,mg
1991,73,1000,mg
1992,1340,250,mg
1993,1341,20,iu
1994,685,50,mg
1994,739,5,mg
1995,1342,1,mg
1996,593,5,mg
1997,632,50,mg
1998,632,200,mg
1999,632,400,mg
2000,1343,2/1,mg/ml
2001,674,1,kg
2011,1097,500,mg
2020,1344,20,%
2022,1100,5,%
2023,1100,5,%
2026,1345,100/1,mcg
2031,1346,40,mg
2032,1347,300,mcg
2033,1348,100,mg
2034,1348,50,mg
2035,481,10,mg
2036,481,60,mg
2039,933,12,%
2040,933,6,%
2041,1349,1,mg
2042,1349,2,mg
2043,1350,0.05/2,%
2045,1351,140,mg
2048,1352,250/1,mg/ml
2049,1353,4,mg
2050,334,500,mg
2055,1354,10,mg
2056,1354,18,mg
2057,1354,20,mg
2058,1354,5,mg
2062,814,5,mg
2063,1355,50,mg
2070,623,60,mg
2074,1356,2,mg
2078,276,20,mg
2078,172,75,mg
2095,1357,250,mg
2096,1357,1000,mg
2096,51,125,mg
2100,1260,30,mg
2101,1072,100,mg
2103,1358,500,mg
2104,1359,50,%
2109,1360,100,mg
2111,1361,5,mg
2112,1268,5,mg
2113,1362,5,mg
2115,1363,200/1,mg/ml
2116,1364,20/5,mg/ml
2122,1365,10,mg
2123,1019,50,mg
2126,1366,75,g
2127,1366,200,g
2128,1366,500,g
2135,1367,2,ml
2135,1368,24,g
2136,1367,5,ml
2136,1368,24,g
2137,1367,10,ml
2137,1368,21,g
2138,1367,20,ml
2138,1368,23,g
2139,1369,16,g
2140,1369,18,g
2141,1369,23,g
2142,1369,26,g
2154,1370,26,g
2155,1371,22,g
2156,1371,25,g
2157,1372,2000,ml
2218,1373,30,g
2219,1370,18,g
2220,1370,20,g
2221,1370,22,g
2222,1370,24,g
2312,1374,28,g
2332,1375,250,ml
2349,1376,30,ml
